[
  {
    "model": "users.profile",
    "pk": 1,
    "fields": {
      "password": "pbkdf2_sha256$320000$YeSew2ymm7jjgQbL0Y1Ipt$3WZuFdfLgNUHarL3ldiA9rnrOvTJQCeW+T5tC/lI+Ds=",
      "last_login": null,
      "is_superuser": false,
      "username": "user1",
      "first_name": "Иван",
      "last_name": "Иванов",
      "is_staff": false,
      "is_active": true,
      "date_joined": "2022-06-14T11:43:53.028Z",
      "phone_number": "+79777777777",
      "email": "8977@mail.ru",
      "city": "Москва",
      "ogrn": "123456789098765",
      "comp_name": "ООО Заказчик1",
      "role": "Customer",
      "bio": "",
      "groups": [],
      "user_permissions": []
    }
  },
  {
    "model": "users.profile",
    "pk": 2,
    "fields": {
      "password": "pbkdf2_sha256$320000$rbYwrzrWExgOiQJD7O8qY9$EUkJA9Sygvi1y58/OeAgoiO8q+z/hIICrVaMvyTglik=",
      "last_login": null,
      "is_superuser": false,
      "username": "user2",
      "first_name": "Петр",
      "last_name": "Петров",
      "is_staff": false,
      "is_active": true,
      "date_joined": "2022-06-14T11:46:27.815Z",
      "phone_number": "+79888888888",
      "email": "8988@mail.ru",
      "city": "Москва",
      "ogrn": "123456789056789",
      "comp_name": "ООО Закачик2",
      "role": "Customer",
      "bio": "",
      "groups": [],
      "user_permissions": []
    }
  },
  {
    "model": "users.profile",
    "pk": 3,
    "fields": {
      "password": "pbkdf2_sha256$320000$PN7vHMC38yAJnNlNviVqRi$bmBv+ZZaDZMAgUWdlxCvg13Ku2KOACjWLcveNb/FFQ8=",
      "last_login": null,
      "is_superuser": false,
      "username": "user3",
      "first_name": "Степан",
      "last_name": "Степанов",
      "is_staff": false,
      "is_active": true,
      "date_joined": "2022-06-14T11:47:49.728Z",
      "phone_number": "+79000000000",
      "email": "8999@mail.ru",
      "city": "Москва",
      "ogrn": "123456789065879",
      "comp_name": "ООО Поставщик1",
      "role": "Supplier",
      "bio": "",
      "groups": [],
      "user_permissions": []
    }
  },
  {
    "model": "users.profile",
    "pk": 4,
    "fields": {
      "password": "pbkdf2_sha256$320000$rIWD6AH0VcWds1qEaOvI2o$aEz1R0WHv7TOj296hJsS4uIv+dGVpxWKGiD869y1BIQ=",
      "last_login": null,
      "is_superuser": false,
      "username": "user4",
      "first_name": "Евгений",
      "last_name": "Евгеньев",
      "is_staff": false,
      "is_active": true,
      "date_joined": "2022-06-14T11:49:41.398Z",
      "phone_number": "+79999999999",
      "email": "8900@mail.ru",
      "city": "Москва",
      "ogrn": "123456789012345",
      "comp_name": "ООО Поставщик2",
      "role": "Supplier",
      "bio": "",
      "groups": [],
      "user_permissions": []
    }
  },
  {
    "model": "users.profile",
    "pk": 5,
    "fields": {
      "password": "pbkdf2_sha256$320000$riTDlhfa0gerDcXk80MmkJ$I+ijCY8mnnHyCeebgBdyPRbQ5a4iMdzMhfZdnI5XcF4=",
      "last_login": null,
      "is_superuser": false,
      "username": "user5",
      "first_name": "Саркис",
      "last_name": "Саркисов",
      "is_staff": false,
      "is_active": true,
      "date_joined": "2022-06-14T12:07:36.439Z",
      "phone_number": "+79111111111",
      "email": "8911@mail.ru",
      "city": "Москва",
      "ogrn": "123456789054321",
      "comp_name": "ООО Поставщик3",
      "role": "Supplier",
      "bio": "",
      "groups": [],
      "user_permissions": []
    }
  },
  {
    "model": "users.profile",
    "pk": 6,
    "fields": {
      "password": "pbkdf2_sha256$320000$MLpzslXXHK7hdR8kXj1K8K$rpegvbQ1OyMOOhYoP0tVPW8eQOy5BYu5XwfSDIyohes=",
      "last_login": "2022-06-22T14:07:52.551Z",
      "is_superuser": true,
      "username": "ADMIN",
      "first_name": "",
      "last_name": "",
      "is_staff": true,
      "is_active": true,
      "date_joined": "2022-06-14T13:22:30.908Z",
      "phone_number": "",
      "email": "ADMIN@admin.ru",
      "city": "",
      "ogrn": "",
      "comp_name": "",
      "role": "",
      "bio": "",
      "groups": [],
      "user_permissions": []
    }
  },
  {
    "model": "orders.categoryorder",
    "pk": 1,
    "fields": {
      "name": "Мясо и мясопродукты",
      "is_active": true,
      "description": "Ассортимент мясных товаров: сырые продукты, мясо и субпродукты, а также различные полуфабрикаты",
      "image": "category_order/2022/06/23/slices-pork-loin_67618-1839.jpg"
    }
  },
  {
    "model": "orders.categoryorder",
    "pk": 2,
    "fields": {
      "name": "Птица. Яйцо",
      "is_active": true,
      "description": "Курица, индейка, утка, гусь, а также разные виды дичи и яиц от лучших производителей",
      "image": "category_order/2022/06/23/whole-raw-chicken-wooden-board-dark-background-preparing-raw-c_rB15KOK.jpg"
    }
  },
  {
    "model": "orders.categoryorder",
    "pk": 3,
    "fields": {
      "name": "Молочная продукция. Сыры",
      "is_active": true,
      "description": "Все основные виды молочных продуктов от поставщиков из экологически чистых регионов",
      "image": "category_order/2022/06/23/WhatsApp_Image_2022-06-23_at_01.30.20.jpeg"
    }
  },
  {
    "model": "orders.categoryorder",
    "pk": 4,
    "fields": {
      "name": "Бакалея. Зернопродукты. Макаронные изделия",
      "is_active": true,
      "description": "Различные виды муки и мучные смеси для приготовления выпечки, итальянские пасты",
      "image": "category_order/2022/06/23/baking-kitchen-meal_140725-160354.jpg"
    }
  },
  {
    "model": "orders.categoryorder",
    "pk": 5,
    "fields": {
      "name": "Колбасные изделия. Деликатесы",
      "is_active": true,
      "description": "Колбасные изделия, сосиски, деликатесы, полуфабрикаты, субпродукты и паштеты",
      "image": "category_order/2022/06/23/food-meat-delicious-sausage-table_144627-32807.jpg"
    }
  },
  {
    "model": "orders.categoryorder",
    "pk": 6,
    "fields": {
      "name": "Мороженое",
      "is_active": true,
      "description": "Все самые популярные виды и вкусы мороженого, а также сорбеты, десерты и топинги",
      "image": "category_order/2022/06/23/WhatsApp_Image_2022-06-23_at_02.12.40.jpeg"
    }
  },
  {
    "model": "orders.categoryorder",
    "pk": 7,
    "fields": {
      "name": "Приправы, специи",
      "is_active": true,
      "description": "Только лучшие натуральные специи высочайшего качества со всех уголков мира",
      "image": "category_order/2022/06/23/world-map-set-spices-condiments-black-background-top-view_187166-25965.jpg"
    }
  },
  {
    "model": "orders.categoryorder",
    "pk": 8,
    "fields": {
      "name": "Растительные жиры",
      "is_active": true,
      "description": "Широкий ассортимент растительных масел, богатых витаминами, омега 3 и омега 6",
      "image": "category_order/2022/06/23/WhatsApp_Image_2022-06-23_at_01.22.23.jpeg"
    }
  },
  {
    "model": "orders.categoryorder",
    "pk": 9,
    "fields": {
      "name": "Овощи, фрукты, грибы, ягоды, дикоросы",
      "is_active": true,
      "description": "В ассортименте только самые свежие отборные продукты, включая экзотические на любой вкус",
      "image": "category_order/2022/06/23/top-view-fresh-ripe-vegetables-composition-dark-floor_140725-76625.jpg"
    }
  },
  {
    "model": "orders.categoryorder",
    "pk": 10,
    "fields": {
      "name": "Соки, воды. Безалкогольные напитки",
      "is_active": true,
      "description": "Безалкогольные напитки натуральной и искусственной газации, соки, смузи и мин.вода",
      "image": "category_order/2022/06/23/WhatsApp_Image_2022-06-23_at_01.50.05.jpeg"
    }
  },
  {
    "model": "orders.categoryorder",
    "pk": 11,
    "fields": {
      "name": "Замороженные продукты. Полуфабрикаты. Готовые блюда",
      "is_active": true,
      "description": "Более 1000 наименований различных продуктов питания, полуфабрикатов и готовых блюд",
      "image": "category_order/2022/06/23/cheerful-bearded-waiter-with-kebab-barbecue-side-dish-georgia_1JaCFgh.webp"
    }
  },
  {
    "model": "orders.categoryorder",
    "pk": 12,
    "fields": {
      "name": "Рыба и морепродукты",
      "is_active": true,
      "description": "Широкий выбор рыбы и морепродуктов различных видов промышленной обработки",
      "image": "category_order/2022/06/23/salmon-seabass-shrimps-oysters_82893-9048.jpg"
    }
  },
  {
    "model": "orders.categoryorder",
    "pk": 13,
    "fields": {
      "name": "Кондитерские изделия. Хлебопекарная продукция",
      "is_active": true,
      "description": "Богатый ассортимент выпечки, а также сырье для хлебопекарной продукции",
      "image": "category_order/2022/06/23/top-view-basket-full-breads-as-baguette-bagel-rye-with-sunflow_f1PeTjV.jpg"
    }
  },
  {
    "model": "orders.categoryorder",
    "pk": 14,
    "fields": {
      "name": "Консервы. Соусы, кетчупы",
      "is_active": true,
      "description": "Все самые популярные соусы для гриля, мяса, рыбы, овощей из США, Мексики, ЮАР, России и со всего мира",
      "image": "category_order/2022/06/23/WhatsApp_Image_2022-06-23_at_02.28.36.jpeg"
    }
  },
  {
    "model": "orders.categoryorder",
    "pk": 15,
    "fields": {
      "name": "Гастрономия. Продукция для HoReCa",
      "is_active": true,
      "description": "Комплексное обеспечение продуктов питания для ресторанов, баров, кафе и отелей",
      "image": "category_order/2022/06/23/for_HoReCa.jpg"
    }
  },
  {
    "model": "orders.categoryorder",
    "pk": 16,
    "fields": {
      "name": "Снэки. Орехи. Сухофрукты",
      "is_active": true,
      "description": "Самый большой ассортимент восточных сладостей, сушенных фруктов и овощей, орехов",
      "image": "category_order/2022/06/23/different-nuts-with-raisins-dried-fruits-grey-background-nut-s_E8ZUDIL.jpg"
    }
  },
  {
    "model": "orders.categoryorder",
    "pk": 17,
    "fields": {
      "name": "Мёд и продукты пчеловодства",
      "is_active": true,
      "description": "Для приготовления кондитерских изделий, напитков, соусов и других сладких блюд",
      "image": "category_order/2022/06/23/honey-with-honeycomb-black-table-top-view-space-text_130265-11478.jpg"
    }
  },
  {
    "model": "orders.categoryorder",
    "pk": 18,
    "fields": {
      "name": "Чай, кофе",
      "is_active": true,
      "description": "Более 300 сортов качественного чая: листовой, в пирамидках, прессованный, порошковый и связанный, 70 видов зернового кофе",
      "image": "category_order/2022/06/23/imgonline-com-ua-Resize-JnCmrke7SVOWoU.png"
    }
  },
  {
    "model": "orders.categoryorder",
    "pk": 19,
    "fields": {
      "name": "Ингредиенты. Пищевые добавки. Сырьё",
      "is_active": true,
      "description": "Высококачественное сырьё для пищевой промышленности: ароматизаторы, красители и добавки",
      "image": "category_order/2022/06/23/essential-vitamin-mineral-complex_23-2148497447.webp"
    }
  },
  {
    "model": "orders.order",
    "pk": 1,
    "fields": {
      "author": 1,
      "category": 2,
      "name": "Курица 25кг",
      "description": "К 28.08.2022 доставить курицу",
      "status": "Active",
      "create_at": "2022-06-10T00:00:00Z",
      "end_time": "2022-08-28T00:00:00Z"
    }
  },
  {
    "model": "orders.order",
    "pk": 2,
    "fields": {
      "author": 2,
      "category": 3,
      "name": "Молоко 40л",
      "description": "К 10.08.2022 доставить молоко",
      "status": "Active",
      "create_at": "2022-06-10T00:00:00Z",
      "end_time": "2022-08-10T00:00:00Z"
    }
  },
  {
    "model": "orders.order",
    "pk": 3,
    "fields": {
      "author": 1,
      "category": 4,
      "name": "Гречка 30кг",
      "description": "К 01.08.2022 доставить крупу",
      "status": "Active",
      "create_at": "2022-06-10T00:00:00Z",
      "end_time": "2022-08-01T00:00:00Z"
    }
  },
  {
    "model": "orders.order",
    "pk": 4,
    "fields": {
      "author": 1,
      "category": 5,
      "name": "что-то",
      "description": "200кг",
      "status": "Active",
      "create_at": "2022-06-10T00:00:00Z",
      "end_time": "2022-08-01T00:00:00Z"
    }
  },
  {
    "model": "orders.order",
    "pk": 5,
    "fields": {
      "author": 1,
      "category": 2,
      "name": "Курица",
      "description": "40кг",
      "status": "Active",
      "create_at": "2022-06-10T00:00:00Z",
      "end_time": "2022-08-28T00:00:00Z"
    }
  },
  {
    "model": "orders.order",
    "pk": 6,
    "fields": {
      "author": 1,
      "category": 5,
      "name": "что-то",
      "description": "200кг",
      "status": "Active",
      "create_at": "2022-06-10T00:00:00Z",
      "end_time": "2022-08-01T00:00:00Z"
    }
  },
  {
    "model": "orders.order",
    "pk": 7,
    "fields": {
      "author": 1,
      "category": 6,
      "name": "что-то",
      "description": "200кг",
      "status": "Active",
      "create_at": "2022-06-10T00:00:00Z",
      "end_time": "2022-08-01T00:00:00Z"
    }
  },
  {
    "model": "orders.order",
    "pk": 8,
    "fields": {
      "author": 1,
      "category": 7,
      "name": "что-то",
      "description": "200кг",
      "status": "Active",
      "create_at": "2022-06-10T00:00:00Z",
      "end_time": "2022-08-01T00:00:00Z"
    }
  },
  {
    "model": "orders.order",
    "pk": 9,
    "fields": {
      "author": 1,
      "category": 8,
      "name": "что-то",
      "description": "200кг",
      "status": "Active",
      "create_at": "2022-06-10T00:00:00Z",
      "end_time": "2022-08-01T00:00:00Z"
    }
  },
  {
    "model": "orders.order",
    "pk": 10,
    "fields": {
      "author": 1,
      "category": 3,
      "name": "что-то",
      "description": "200кг",
      "status": "Active",
      "create_at": "2022-06-10T00:00:00Z",
      "end_time": "2022-08-01T00:00:00Z"
    }
  },
  {
    "model": "orders.order",
    "pk": 11,
    "fields": {
      "author": 1,
      "category": 3,
      "name": "что-то",
      "description": "200кг",
      "status": "Active",
      "create_at": "2022-06-10T00:00:00Z",
      "end_time": "2022-08-01T00:00:00Z"
    }
  },
  {
    "model": "orders.order",
    "pk": 12,
    "fields": {
      "author": 1,
      "category": 4,
      "name": "Рис 30кг",
      "description": "К 21.06.2022 доставить рис",
      "status": "Not Active",
      "create_at": "2022-06-20T00:00:00Z",
      "end_time": "2022-06-21T00:00:00Z"
    }
  },
  {
    "model": "orders.order",
    "pk": 13,
    "fields": {
      "author": 1,
      "category": 5,
      "name": "что-то",
      "description": "600кг",
      "status": "Not Active",
      "create_at": "2022-06-10T00:00:00Z",
      "end_time": "2022-06-21T00:00:00Z"
    }
  },
  {
    "model": "orders.order",
    "pk": 14,
    "fields": {
      "author": 1,
      "category": 2,
      "name": "Свинтус",
      "description": "140кг",
      "status": "Not Active",
      "create_at": "2022-06-10T00:00:00Z",
      "end_time": "2022-06-28T00:00:00Z"
    }
  },
  {
    "model": "orders.order",
    "pk": 15,
    "fields": {
      "author": 1,
      "category": 5,
      "name": "что-то",
      "description": "1200кг",
      "status": "Not Active",
      "create_at": "2022-06-20T00:00:00Z",
      "end_time": "2022-06-21T00:00:00Z"
    }
  },
  {
    "model": "orders.order",
    "pk": 16,
    "fields": {
      "author": 1,
      "category": 6,
      "name": "что-то",
      "description": "2200кг",
      "status": "Not Active",
      "create_at": "2022-06-10T00:00:00Z",
      "end_time": "2022-06-21T00:00:00Z"
    }
  },
  {
    "model": "orders.order",
    "pk": 17,
    "fields": {
      "author": 1,
      "category": 2,
      "name": "Индейка 15кг",
      "description": "К 28.06.2022 доставить индейку",
      "status": "Not Active",
      "create_at": "2022-06-10T00:00:00Z",
      "end_time": "2022-06-22T14:09:48.561Z"
    }
  },
  {
    "model": "orders.order",
    "pk": 18,
    "fields": {
      "author": 2,
      "category": 3,
      "name": "Кефир 40л",
      "description": "К 10.06.2022 доставить Кефир",
      "status": "Not Active",
      "create_at": "2022-06-08T00:00:00Z",
      "end_time": "2022-06-20T14:09:48.561Z"
    }
  },
  {
    "model": "orders.responseorder",
    "pk": 1,
    "fields": {
      "order": 1,
      "response_user": 3,
      "price": 10000.0,
      "offer": "123",
      "create_at": "2022-06-22T14:08:02.504Z"
    }
  },
  {
    "model": "orders.responseorder",
    "pk": 2,
    "fields": {
      "order": 2,
      "response_user": 5,
      "price": 10000.0,
      "offer": "456",
      "create_at": "2022-06-22T14:08:27.671Z"
    }
  },
  {
    "model": "orders.responseorder",
    "pk": 3,
    "fields": {
      "order": 3,
      "response_user": 4,
      "price": 10000.0,
      "offer": "789",
      "create_at": "2022-06-22T14:08:48.707Z"
    }
  },
  {
    "model": "orders.responseorder",
    "pk": 4,
    "fields": {
      "order": 4,
      "response_user": 4,
      "price": 10000.0,
      "offer": "awe",
      "create_at": "2022-06-22T14:09:11.209Z"
    }
  },
  {
    "model": "orders.responseorder",
    "pk": 5,
    "fields": {
      "order": 5,
      "response_user": 4,
      "price": 10000.0,
      "offer": "rty",
      "create_at": "2022-06-22T14:09:31.336Z"
    }
  },
  {
    "model": "orders.responseorder",
    "pk": 6,
    "fields": {
      "order": 17,
      "response_user": 4,
      "price": 10000.00,
      "offer": "rtyasd",
      "create_at": "2022-06-22T14:09:31.336Z"
    }
  },
  {
    "model": "orders.responseorder",
    "pk": 7,
    "fields": {
      "order": 18,
      "response_user": 4,
      "price": 8000.00,
      "offer": "rty1",
      "create_at": "2022-06-08T14:09:31.336Z"
    }
  },
  {
    "model": "orders.responseorder",
    "pk": 8,
    "fields": {
      "order": 12,
      "response_user": 4,
      "price": 4000.00,
      "offer": "rtyxav",
      "create_at": "2022-06-20T14:09:31.336Z"
    }
  },
  {
    "model": "orders.responseorder",
    "pk": 9,
    "fields": {
      "order": 13,
      "response_user": 4,
      "price": 3000.00,
      "offer": "rtyqwea",
      "create_at": "2022-06-20T14:09:31.336Z"
    }
  },
  {
    "model": "orders.responseorder",
    "pk": 10,
    "fields": {
      "order": 14,
      "response_user": 4,
      "price": 2000.00,
      "offer": "rtyqwe",
      "create_at": "2022-06-20T14:09:31.336Z"
    }
  },
  {
    "model": "orders.responseorder",
    "pk": 11,
    "fields": {
      "order": 15,
      "response_user": 4,
      "price": 10000.00,
      "offer": "rty7",
      "create_at": "2022-06-20T14:09:31.336Z"
    }
  },
  {
    "model": "orders.responseorder",
    "pk": 12,
    "fields": {
      "order": 15,
      "response_user": 5,
      "price": 9000.00,
      "offer": "rty4",
      "create_at": "2022-06-20T14:09:31.336Z"
    }
  },
  {
    "model": "orders.statusresponse",
    "pk": 1,
    "fields": {
      "response_order": 1,
      "status": "On Approval",
      "time_status": "2022-06-22T14:08:02.506Z",
      "user_initiator": 3
    }
  },
  {
    "model": "orders.statusresponse",
    "pk": 2,
    "fields": {
      "response_order": 1,
      "status": "Approved",
      "time_status": "2022-06-22T14:08:12.625Z",
      "user_initiator": 6
    }
  },
  {
    "model": "orders.statusresponse",
    "pk": 3,
    "fields": {
      "response_order": 2,
      "status": "On Approval",
      "time_status": "2022-06-22T14:08:27.674Z",
      "user_initiator": 5
    }
  },
  {
    "model": "orders.statusresponse",
    "pk": 4,
    "fields": {
      "response_order": 2,
      "status": "Approved",
      "time_status": "2022-06-22T14:08:37.316Z",
      "user_initiator": 6
    }
  },
  {
    "model": "orders.statusresponse",
    "pk": 5,
    "fields": {
      "response_order": 3,
      "status": "On Approval",
      "time_status": "2022-06-22T14:08:48.709Z",
      "user_initiator": 4
    }
  },
  {
    "model": "orders.statusresponse",
    "pk": 6,
    "fields": {
      "response_order": 3,
      "status": "Approved",
      "time_status": "2022-06-22T14:08:57.510Z",
      "user_initiator": 6
    }
  },
  {
    "model": "orders.statusresponse",
    "pk": 7,
    "fields": {
      "response_order": 4,
      "status": "On Approval",
      "time_status": "2022-06-22T14:09:11.211Z",
      "user_initiator": 4
    }
  },
  {
    "model": "orders.statusresponse",
    "pk": 8,
    "fields": {
      "response_order": 4,
      "status": "Approved",
      "time_status": "2022-06-22T14:09:20.776Z",
      "user_initiator": 6
    }
  },
  {
    "model": "orders.statusresponse",
    "pk": 9,
    "fields": {
      "response_order": 5,
      "status": "On Approval",
      "time_status": "2022-06-22T14:09:31.338Z",
      "user_initiator": 4
    }
  },
  {
    "model": "orders.statusresponse",
    "pk": 10,
    "fields": {
      "response_order": 5,
      "status": "Approved",
      "time_status": "2022-06-22T14:09:48.561Z",
      "user_initiator": 6
    }
  },
  {
    "model": "orders.statusresponse",
    "pk": 11,
    "fields": {
      "response_order": 6,
      "status": "On Approval",
      "time_status": "2022-06-22T14:09:31.338Z",
      "user_initiator": 4
    }
  },
  {
    "model": "orders.statusresponse",
    "pk": 12,
    "fields": {
      "response_order": 6,
      "status": "Approved",
      "time_status": "2022-06-22T14:09:48.561Z",
      "user_initiator": 1
    }
  },
  {
    "model": "orders.statusresponse",
    "pk": 13,
    "fields": {
      "response_order": 7,
      "status": "On Approval",
      "time_status": "2022-06-08T14:09:31.338Z",
      "user_initiator": 4
    }
  },
  {
    "model": "orders.statusresponse",
    "pk": 14,
    "fields": {
      "response_order": 7,
      "status": "Approved",
      "time_status": "2022-06-20T14:09:48.561Z",
      "user_initiator": 2
    }
  },
  {
    "model": "orders.statusresponse",
    "pk": 15,
    "fields": {
      "response_order": 11,
      "status": "On Approval",
      "time_status": "2022-06-20T14:09:31.338Z",
      "user_initiator": 4
    }
  },
  {
    "model": "orders.statusresponse",
    "pk": 16,
    "fields": {
      "response_order": 12,
      "status": "On Approval",
      "time_status": "2022-06-20T14:09:31.336Z",
      "user_initiator": 5
    }
  },
  {
    "model": "orders.statusresponse",
    "pk": 17,
    "fields": {
      "response_order": 12,
      "status": "Approved",
      "time_status": "2022-06-20T14:09:48.561Z",
      "user_initiator": 1
    }
  }
]
