[
  {
    "model": "admin.logentry",
    "pk": 1,
    "fields": {
      "action_time": "2022-06-22T14:08:02.510Z",
      "user": 6,
      "content_type": 8,
      "object_id": "1",
      "object_repr": "Предлжение от Название компании: ООО Поставщик1: 123, к заказу - Птица. Яйцо Курица 25кг, Заказ создал: Название компании: ООО Заказчик1",
      "action_flag": 1,
      "change_message": "[{\"added\": {}}]"
    }
  },
  {
    "model": "admin.logentry",
    "pk": 2,
    "fields": {
      "action_time": "2022-06-22T14:08:12.629Z",
      "user": 6,
      "content_type": 9,
      "object_id": "2",
      "object_repr": "У отклика с ID# Предлжение от Название компании: ООО Поставщик1: 123, к заказу - Птица. Яйцо Курица 25кг, Заказ создал: Название компании: ООО Заказчик1 статус - Approved",
      "action_flag": 1,
      "change_message": "[{\"added\": {}}]"
    }
  },
  {
    "model": "admin.logentry",
    "pk": 3,
    "fields": {
      "action_time": "2022-06-22T14:08:27.677Z",
      "user": 6,
      "content_type": 8,
      "object_id": "2",
      "object_repr": "Предлжение от Название компании: ООО Поставщик3: 456, к заказу - Молочная продукция. Сыры Молоко 40л, Заказ создал: Название компании: ООО Закачик2",
      "action_flag": 1,
      "change_message": "[{\"added\": {}}]"
    }
  },
  {
    "model": "admin.logentry",
    "pk": 4,
    "fields": {
      "action_time": "2022-06-22T14:08:37.322Z",
      "user": 6,
      "content_type": 9,
      "object_id": "4",
      "object_repr": "У отклика с ID# Предлжение от Название компании: ООО Поставщик3: 456, к заказу - Молочная продукция. Сыры Молоко 40л, Заказ создал: Название компании: ООО Закачик2 статус - Approved",
      "action_flag": 1,
      "change_message": "[{\"added\": {}}]"
    }
  },
  {
    "model": "admin.logentry",
    "pk": 5,
    "fields": {
      "action_time": "2022-06-22T14:08:48.712Z",
      "user": 6,
      "content_type": 8,
      "object_id": "3",
      "object_repr": "Предлжение от Название компании: ООО Поставщик2: 789, к заказу - Бакалея. Зернопродукты. Макаронные изделия Гречка 30кг, Заказ создал: Название компании: ООО Заказчик1",
      "action_flag": 1,
      "change_message": "[{\"added\": {}}]"
    }
  },
  {
    "model": "admin.logentry",
    "pk": 6,
    "fields": {
      "action_time": "2022-06-22T14:08:57.515Z",
      "user": 6,
      "content_type": 9,
      "object_id": "6",
      "object_repr": "У отклика с ID# Предлжение от Название компании: ООО Поставщик2: 789, к заказу - Бакалея. Зернопродукты. Макаронные изделия Гречка 30кг, Заказ создал: Название компании: ООО Заказчик1 статус - Approve",
      "action_flag": 1,
      "change_message": "[{\"added\": {}}]"
    }
  },
  {
    "model": "admin.logentry",
    "pk": 7,
    "fields": {
      "action_time": "2022-06-22T14:09:11.215Z",
      "user": 6,
      "content_type": 8,
      "object_id": "4",
      "object_repr": "Предлжение от Название компании: ООО Поставщик2: awe, к заказу - Колбасные изделия. Деликатесы что-то, Заказ создал: Название компании: ООО Заказчик1",
      "action_flag": 1,
      "change_message": "[{\"added\": {}}]"
    }
  },
  {
    "model": "admin.logentry",
    "pk": 8,
    "fields": {
      "action_time": "2022-06-22T14:09:20.782Z",
      "user": 6,
      "content_type": 9,
      "object_id": "8",
      "object_repr": "У отклика с ID# Предлжение от Название компании: ООО Поставщик2: awe, к заказу - Колбасные изделия. Деликатесы что-то, Заказ создал: Название компании: ООО Заказчик1 статус - Approved",
      "action_flag": 1,
      "change_message": "[{\"added\": {}}]"
    }
  },
  {
    "model": "admin.logentry",
    "pk": 9,
    "fields": {
      "action_time": "2022-06-22T14:09:31.342Z",
      "user": 6,
      "content_type": 8,
      "object_id": "5",
      "object_repr": "Предлжение от Название компании: ООО Поставщик2: rty, к заказу - Птица. Яйцо Курица, Заказ создал: Название компании: ООО Заказчик1",
      "action_flag": 1,
      "change_message": "[{\"added\": {}}]"
    }
  },
  {
    "model": "admin.logentry",
    "pk": 10,
    "fields": {
      "action_time": "2022-06-22T14:09:48.567Z",
      "user": 6,
      "content_type": 9,
      "object_id": "10",
      "object_repr": "У отклика с ID# Предлжение от Название компании: ООО Поставщик2: rty, к заказу - Птица. Яйцо Курица, Заказ создал: Название компании: ООО Заказчик1 статус - Approved",
      "action_flag": 1,
      "change_message": "[{\"added\": {}}]"
    }
  },
  {
    "model": "admin.logentry",
    "pk": 11,
    "fields": {
      "action_time": "2022-06-22T14:14:39.393Z",
      "user": 6,
      "content_type": 7,
      "object_id": "9",
      "object_repr": "Растительные жиры что-то, Заказ создал: Название компании: ООО Заказчик1",
      "action_flag": 2,
      "change_message": "[{\"changed\": {\"fields\": [\"\\u0421\\u0442\\u0430\\u0442\\u0443\\u0441\"]}}]"
    }
  },
  {
    "model": "admin.logentry",
    "pk": 12,
    "fields": {
      "action_time": "2022-06-22T14:14:44.437Z",
      "user": 6,
      "content_type": 7,
      "object_id": "8",
      "object_repr": "Приправы, специи что-то, Заказ создал: Название компании: ООО Заказчик1",
      "action_flag": 2,
      "change_message": "[{\"changed\": {\"fields\": [\"\\u0421\\u0442\\u0430\\u0442\\u0443\\u0441\"]}}]"
    }
  },
  {
    "model": "admin.logentry",
    "pk": 13,
    "fields": {
      "action_time": "2022-06-22T14:14:49.323Z",
      "user": 6,
      "content_type": 7,
      "object_id": "7",
      "object_repr": "Мороженое что-то, Заказ создал: Название компании: ООО Заказчик1",
      "action_flag": 2,
      "change_message": "[{\"changed\": {\"fields\": [\"\\u0421\\u0442\\u0430\\u0442\\u0443\\u0441\"]}}]"
    }
  },
  {
    "model": "admin.logentry",
    "pk": 14,
    "fields": {
      "action_time": "2022-06-22T14:14:54.121Z",
      "user": 6,
      "content_type": 7,
      "object_id": "6",
      "object_repr": "Колбасные изделия. Деликатесы что-то, Заказ создал: Название компании: ООО Заказчик1",
      "action_flag": 2,
      "change_message": "[{\"changed\": {\"fields\": [\"\\u0421\\u0442\\u0430\\u0442\\u0443\\u0441\"]}}]"
    }
  },
  {
    "model": "admin.logentry",
    "pk": 15,
    "fields": {
      "action_time": "2022-06-22T14:14:58.887Z",
      "user": 6,
      "content_type": 7,
      "object_id": "5",
      "object_repr": "Птица. Яйцо Курица, Заказ создал: Название компании: ООО Заказчик1",
      "action_flag": 2,
      "change_message": "[{\"changed\": {\"fields\": [\"\\u0421\\u0442\\u0430\\u0442\\u0443\\u0441\"]}}]"
    }
  },
  {
    "model": "admin.logentry",
    "pk": 16,
    "fields": {
      "action_time": "2022-06-22T14:15:04.387Z",
      "user": 6,
      "content_type": 7,
      "object_id": "4",
      "object_repr": "Колбасные изделия. Деликатесы что-то, Заказ создал: Название компании: ООО Заказчик1",
      "action_flag": 2,
      "change_message": "[{\"changed\": {\"fields\": [\"\\u0421\\u0442\\u0430\\u0442\\u0443\\u0441\"]}}]"
    }
  },
  {
    "model": "admin.logentry",
    "pk": 17,
    "fields": {
      "action_time": "2022-06-22T14:15:09.419Z",
      "user": 6,
      "content_type": 7,
      "object_id": "3",
      "object_repr": "Бакалея. Зернопродукты. Макаронные изделия Гречка 30кг, Заказ создал: Название компании: ООО Заказчик1",
      "action_flag": 2,
      "change_message": "[{\"changed\": {\"fields\": [\"\\u0421\\u0442\\u0430\\u0442\\u0443\\u0441\"]}}]"
    }
  },
  {
    "model": "admin.logentry",
    "pk": 18,
    "fields": {
      "action_time": "2022-06-22T14:15:13.621Z",
      "user": 6,
      "content_type": 7,
      "object_id": "2",
      "object_repr": "Молочная продукция. Сыры Молоко 40л, Заказ создал: Название компании: ООО Закачик2",
      "action_flag": 2,
      "change_message": "[{\"changed\": {\"fields\": [\"\\u0421\\u0442\\u0430\\u0442\\u0443\\u0441\"]}}]"
    }
  },
  {
    "model": "admin.logentry",
    "pk": 19,
    "fields": {
      "action_time": "2022-06-22T14:15:18.703Z",
      "user": 6,
      "content_type": 7,
      "object_id": "1",
      "object_repr": "Птица. Яйцо Курица 25кг, Заказ создал: Название компании: ООО Заказчик1",
      "action_flag": 2,
      "change_message": "[{\"changed\": {\"fields\": [\"\\u0421\\u0442\\u0430\\u0442\\u0443\\u0441\"]}}]"
    }
  },
  {
    "model": "auth.permission",
    "pk": 1,
    "fields": {
      "name": "Can add log entry",
      "content_type": 1,
      "codename": "add_logentry"
    }
  },
  {
    "model": "auth.permission",
    "pk": 2,
    "fields": {
      "name": "Can change log entry",
      "content_type": 1,
      "codename": "change_logentry"
    }
  },
  {
    "model": "auth.permission",
    "pk": 3,
    "fields": {
      "name": "Can delete log entry",
      "content_type": 1,
      "codename": "delete_logentry"
    }
  },
  {
    "model": "auth.permission",
    "pk": 4,
    "fields": {
      "name": "Can view log entry",
      "content_type": 1,
      "codename": "view_logentry"
    }
  },
  {
    "model": "auth.permission",
    "pk": 5,
    "fields": {
      "name": "Can add permission",
      "content_type": 2,
      "codename": "add_permission"
    }
  },
  {
    "model": "auth.permission",
    "pk": 6,
    "fields": {
      "name": "Can change permission",
      "content_type": 2,
      "codename": "change_permission"
    }
  },
  {
    "model": "auth.permission",
    "pk": 7,
    "fields": {
      "name": "Can delete permission",
      "content_type": 2,
      "codename": "delete_permission"
    }
  },
  {
    "model": "auth.permission",
    "pk": 8,
    "fields": {
      "name": "Can view permission",
      "content_type": 2,
      "codename": "view_permission"
    }
  },
  {
    "model": "auth.permission",
    "pk": 9,
    "fields": {
      "name": "Can add group",
      "content_type": 3,
      "codename": "add_group"
    }
  },
  {
    "model": "auth.permission",
    "pk": 10,
    "fields": {
      "name": "Can change group",
      "content_type": 3,
      "codename": "change_group"
    }
  },
  {
    "model": "auth.permission",
    "pk": 11,
    "fields": {
      "name": "Can delete group",
      "content_type": 3,
      "codename": "delete_group"
    }
  },
  {
    "model": "auth.permission",
    "pk": 12,
    "fields": {
      "name": "Can view group",
      "content_type": 3,
      "codename": "view_group"
    }
  },
  {
    "model": "auth.permission",
    "pk": 13,
    "fields": {
      "name": "Can add content type",
      "content_type": 4,
      "codename": "add_contenttype"
    }
  },
  {
    "model": "auth.permission",
    "pk": 14,
    "fields": {
      "name": "Can change content type",
      "content_type": 4,
      "codename": "change_contenttype"
    }
  },
  {
    "model": "auth.permission",
    "pk": 15,
    "fields": {
      "name": "Can delete content type",
      "content_type": 4,
      "codename": "delete_contenttype"
    }
  },
  {
    "model": "auth.permission",
    "pk": 16,
    "fields": {
      "name": "Can view content type",
      "content_type": 4,
      "codename": "view_contenttype"
    }
  },
  {
    "model": "auth.permission",
    "pk": 17,
    "fields": {
      "name": "Can add session",
      "content_type": 5,
      "codename": "add_session"
    }
  },
  {
    "model": "auth.permission",
    "pk": 18,
    "fields": {
      "name": "Can change session",
      "content_type": 5,
      "codename": "change_session"
    }
  },
  {
    "model": "auth.permission",
    "pk": 19,
    "fields": {
      "name": "Can delete session",
      "content_type": 5,
      "codename": "delete_session"
    }
  },
  {
    "model": "auth.permission",
    "pk": 20,
    "fields": {
      "name": "Can view session",
      "content_type": 5,
      "codename": "view_session"
    }
  },
  {
    "model": "auth.permission",
    "pk": 21,
    "fields": {
      "name": "Can add Категория заказа",
      "content_type": 6,
      "codename": "add_categoryorder"
    }
  },
  {
    "model": "auth.permission",
    "pk": 22,
    "fields": {
      "name": "Can change Категория заказа",
      "content_type": 6,
      "codename": "change_categoryorder"
    }
  },
  {
    "model": "auth.permission",
    "pk": 23,
    "fields": {
      "name": "Can delete Категория заказа",
      "content_type": 6,
      "codename": "delete_categoryorder"
    }
  },
  {
    "model": "auth.permission",
    "pk": 24,
    "fields": {
      "name": "Can view Категория заказа",
      "content_type": 6,
      "codename": "view_categoryorder"
    }
  },
  {
    "model": "auth.permission",
    "pk": 25,
    "fields": {
      "name": "Can add Заказ",
      "content_type": 7,
      "codename": "add_order"
    }
  },
  {
    "model": "auth.permission",
    "pk": 26,
    "fields": {
      "name": "Can change Заказ",
      "content_type": 7,
      "codename": "change_order"
    }
  },
  {
    "model": "auth.permission",
    "pk": 27,
    "fields": {
      "name": "Can delete Заказ",
      "content_type": 7,
      "codename": "delete_order"
    }
  },
  {
    "model": "auth.permission",
    "pk": 28,
    "fields": {
      "name": "Can view Заказ",
      "content_type": 7,
      "codename": "view_order"
    }
  },
  {
    "model": "auth.permission",
    "pk": 29,
    "fields": {
      "name": "Can add Отклик",
      "content_type": 8,
      "codename": "add_responseorder"
    }
  },
  {
    "model": "auth.permission",
    "pk": 30,
    "fields": {
      "name": "Can change Отклик",
      "content_type": 8,
      "codename": "change_responseorder"
    }
  },
  {
    "model": "auth.permission",
    "pk": 31,
    "fields": {
      "name": "Can delete Отклик",
      "content_type": 8,
      "codename": "delete_responseorder"
    }
  },
  {
    "model": "auth.permission",
    "pk": 32,
    "fields": {
      "name": "Can view Отклик",
      "content_type": 8,
      "codename": "view_responseorder"
    }
  },
  {
    "model": "auth.permission",
    "pk": 33,
    "fields": {
      "name": "Can add Статус отклика",
      "content_type": 9,
      "codename": "add_statusresponse"
    }
  },
  {
    "model": "auth.permission",
    "pk": 34,
    "fields": {
      "name": "Can change Статус отклика",
      "content_type": 9,
      "codename": "change_statusresponse"
    }
  },
  {
    "model": "auth.permission",
    "pk": 35,
    "fields": {
      "name": "Can delete Статус отклика",
      "content_type": 9,
      "codename": "delete_statusresponse"
    }
  },
  {
    "model": "auth.permission",
    "pk": 36,
    "fields": {
      "name": "Can view Статус отклика",
      "content_type": 9,
      "codename": "view_statusresponse"
    }
  },
  {
    "model": "auth.permission",
    "pk": 37,
    "fields": {
      "name": "Can add Профиль",
      "content_type": 10,
      "codename": "add_profile"
    }
  },
  {
    "model": "auth.permission",
    "pk": 38,
    "fields": {
      "name": "Can change Профиль",
      "content_type": 10,
      "codename": "change_profile"
    }
  },
  {
    "model": "auth.permission",
    "pk": 39,
    "fields": {
      "name": "Can delete Профиль",
      "content_type": 10,
      "codename": "delete_profile"
    }
  },
  {
    "model": "auth.permission",
    "pk": 40,
    "fields": {
      "name": "Can view Профиль",
      "content_type": 10,
      "codename": "view_profile"
    }
  },
  {
    "model": "contenttypes.contenttype",
    "pk": 1,
    "fields": {
      "app_label": "admin",
      "model": "logentry"
    }
  },
  {
    "model": "contenttypes.contenttype",
    "pk": 2,
    "fields": {
      "app_label": "auth",
      "model": "permission"
    }
  },
  {
    "model": "contenttypes.contenttype",
    "pk": 3,
    "fields": {
      "app_label": "auth",
      "model": "group"
    }
  },
  {
    "model": "contenttypes.contenttype",
    "pk": 4,
    "fields": {
      "app_label": "contenttypes",
      "model": "contenttype"
    }
  },
  {
    "model": "contenttypes.contenttype",
    "pk": 5,
    "fields": {
      "app_label": "sessions",
      "model": "session"
    }
  },
  {
    "model": "contenttypes.contenttype",
    "pk": 6,
    "fields": {
      "app_label": "orders",
      "model": "categoryorder"
    }
  },
  {
    "model": "contenttypes.contenttype",
    "pk": 7,
    "fields": {
      "app_label": "orders",
      "model": "order"
    }
  },
  {
    "model": "contenttypes.contenttype",
    "pk": 8,
    "fields": {
      "app_label": "orders",
      "model": "responseorder"
    }
  },
  {
    "model": "contenttypes.contenttype",
    "pk": 9,
    "fields": {
      "app_label": "orders",
      "model": "statusresponse"
    }
  },
  {
    "model": "contenttypes.contenttype",
    "pk": 10,
    "fields": {
      "app_label": "users",
      "model": "profile"
    }
  },
  {
    "model": "sessions.session",
    "pk": "6kghcng6prrdpcagvp8c5m16n5xux61i",
    "fields": {
      "session_data": ".eJxVjDkOwjAUBe_iGlm2wUso6TmD9TeTALKlOKkQd4dIKaB9M_NeKsO6jHntMueJ1VkFdfjdEOghdQN8h3prmlpd5gn1puiddn1tLM_L7v4djNDHb23jEQULmESBQ3LFSfEciGSgoaQQ2JERjAOSNQYxeYke2HgHp2hdVO8PEjw4mA:1o411M:PYOdvOkHPEiA1bB1vS-GqfgiQbwmPze3Zc6Yfb_97Rw",
      "expire_date": "2022-07-06T14:07:52.552Z"
    }
  },
  {
    "model": "orders.categoryorder",
    "pk": 1,
    "fields": {
      "name": "Мясо и мясопродукты",
      "is_active": true,
      "description": "",
      "image": "category_order/default/placeholder_300x150.png"
    }
  },
  {
    "model": "orders.categoryorder",
    "pk": 2,
    "fields": {
      "name": "Птица. Яйцо",
      "is_active": true,
      "description": "",
      "image": "category_order/default/placeholder_300x150.png"
    }
  },
  {
    "model": "orders.categoryorder",
    "pk": 3,
    "fields": {
      "name": "Молочная продукция. Сыры",
      "is_active": true,
      "description": "",
      "image": "category_order/default/placeholder_300x150.png"
    }
  },
  {
    "model": "orders.categoryorder",
    "pk": 4,
    "fields": {
      "name": "Бакалея. Зернопродукты. Макаронные изделия",
      "is_active": true,
      "description": "",
      "image": "category_order/default/placeholder_300x150.png"
    }
  },
  {
    "model": "orders.categoryorder",
    "pk": 5,
    "fields": {
      "name": "Колбасные изделия. Деликатесы",
      "is_active": true,
      "description": "",
      "image": "category_order/default/placeholder_300x150.png"
    }
  },
  {
    "model": "orders.categoryorder",
    "pk": 6,
    "fields": {
      "name": "Мороженое",
      "is_active": true,
      "description": "",
      "image": "category_order/default/placeholder_300x150.png"
    }
  },
  {
    "model": "orders.categoryorder",
    "pk": 7,
    "fields": {
      "name": "Приправы, специи",
      "is_active": true,
      "description": "",
      "image": "category_order/default/placeholder_300x150.png"
    }
  },
  {
    "model": "orders.categoryorder",
    "pk": 8,
    "fields": {
      "name": "Растительные жиры",
      "is_active": true,
      "description": "",
      "image": "category_order/default/placeholder_300x150.png"
    }
  },
  {
    "model": "orders.categoryorder",
    "pk": 9,
    "fields": {
      "name": "Овощи, фрукты, грибы, ягоды, дикоросы",
      "is_active": true,
      "description": "",
      "image": "category_order/default/placeholder_300x150.png"
    }
  },
  {
    "model": "orders.categoryorder",
    "pk": 10,
    "fields": {
      "name": "Соки, воды. Безалкогольные напитки",
      "is_active": true,
      "description": "",
      "image": "category_order/default/placeholder_300x150.png"
    }
  },
  {
    "model": "orders.categoryorder",
    "pk": 11,
    "fields": {
      "name": "Замороженные продукты. Полуфабрикаты. Готовые блюда",
      "is_active": true,
      "description": "",
      "image": "category_order/default/placeholder_300x150.png"
    }
  },
  {
    "model": "orders.categoryorder",
    "pk": 12,
    "fields": {
      "name": "Рыба и морепродукты",
      "is_active": true,
      "description": "",
      "image": "category_order/default/placeholder_300x150.png"
    }
  },
  {
    "model": "orders.categoryorder",
    "pk": 13,
    "fields": {
      "name": "Кондитерские изделия. Хлебопекарная продукция",
      "is_active": true,
      "description": "",
      "image": "category_order/default/placeholder_300x150.png"
    }
  },
  {
    "model": "orders.categoryorder",
    "pk": 14,
    "fields": {
      "name": "Консервы. Соусы, кетчупы",
      "is_active": true,
      "description": "",
      "image": "category_order/default/placeholder_300x150.png"
    }
  },
  {
    "model": "orders.categoryorder",
    "pk": 15,
    "fields": {
      "name": "Гастрономия. Продукция для HoReCa",
      "is_active": true,
      "description": "",
      "image": "category_order/default/placeholder_300x150.png"
    }
  },
  {
    "model": "orders.categoryorder",
    "pk": 16,
    "fields": {
      "name": "Снэки. Орехи. Сухофрукты",
      "is_active": true,
      "description": "",
      "image": "category_order/default/placeholder_300x150.png"
    }
  },
  {
    "model": "orders.categoryorder",
    "pk": 17,
    "fields": {
      "name": "Мёд и продукты пчеловодства",
      "is_active": true,
      "description": "",
      "image": "category_order/default/placeholder_300x150.png"
    }
  },
  {
    "model": "orders.categoryorder",
    "pk": 18,
    "fields": {
      "name": "Чай, кофе",
      "is_active": true,
      "description": "",
      "image": "category_order/default/placeholder_300x150.png"
    }
  },
  {
    "model": "orders.categoryorder",
    "pk": 19,
    "fields": {
      "name": "Ингредиенты. Пищевые добавки. Сырьё",
      "is_active": true,
      "description": "",
      "image": "category_order/default/placeholder_300x150.png"
    }
  },
  {
    "model": "orders.order",
    "pk": 1,
    "fields": {
      "author": 1,
      "category": 2,
      "name": "Курица 25кг",
      "description": "К 28.08.2022 доставить курицу",
      "status": "Active",
      "create_at": "2022-06-10T00:00:00Z",
      "end_time": "2022-08-28T00:00:00Z",
      "date_completion": "2022-06-19T00:00:00Z"
    }
  },
  {
    "model": "orders.order",
    "pk": 2,
    "fields": {
      "author": 2,
      "category": 3,
      "name": "Молоко 40л",
      "description": "К 10.08.2022 доставить молоко",
      "status": "Active",
      "create_at": "2022-06-10T00:00:00Z",
      "end_time": "2022-08-10T00:00:00Z",
      "date_completion": "2022-06-19T00:00:00Z"
    }
  },
  {
    "model": "orders.order",
    "pk": 3,
    "fields": {
      "author": 1,
      "category": 4,
      "name": "Гречка 30кг",
      "description": "К 01.08.2022 доставить крупу",
      "status": "Active",
      "create_at": "2022-06-10T00:00:00Z",
      "end_time": "2022-08-01T00:00:00Z",
      "date_completion": "2022-06-19T00:00:00Z"
    }
  },
  {
    "model": "orders.order",
    "pk": 4,
    "fields": {
      "author": 1,
      "category": 5,
      "name": "что-то",
      "description": "200кг",
      "status": "Active",
      "create_at": "2022-06-10T00:00:00Z",
      "end_time": "2022-08-01T00:00:00Z",
      "date_completion": "2022-06-19T00:00:00Z"
    }
  },
  {
    "model": "orders.order",
    "pk": 5,
    "fields": {
      "author": 1,
      "category": 2,
      "name": "Курица",
      "description": "40кг",
      "status": "Active",
      "create_at": "2022-06-10T00:00:00Z",
      "end_time": "2022-08-28T00:00:00Z",
      "date_completion": "2022-06-19T00:00:00Z"
    }
  },
  {
    "model": "orders.order",
    "pk": 6,
    "fields": {
      "author": 1,
      "category": 5,
      "name": "что-то",
      "description": "200кг",
      "status": "Active",
      "create_at": "2022-06-10T00:00:00Z",
      "end_time": "2022-08-01T00:00:00Z",
      "date_completion": "2022-06-19T00:00:00Z"
    }
  },
  {
    "model": "orders.order",
    "pk": 7,
    "fields": {
      "author": 1,
      "category": 6,
      "name": "что-то",
      "description": "200кг",
      "status": "Active",
      "create_at": "2022-06-10T00:00:00Z",
      "end_time": "2022-08-01T00:00:00Z",
      "date_completion": "2022-06-19T00:00:00Z"
    }
  },
  {
    "model": "orders.order",
    "pk": 8,
    "fields": {
      "author": 1,
      "category": 7,
      "name": "что-то",
      "description": "200кг",
      "status": "Active",
      "create_at": "2022-06-10T00:00:00Z",
      "end_time": "2022-08-01T00:00:00Z",
      "date_completion": "2022-06-19T00:00:00Z"
    }
  },
  {
    "model": "orders.order",
    "pk": 9,
    "fields": {
      "author": 1,
      "category": 8,
      "name": "что-то",
      "description": "200кг",
      "status": "Active",
      "create_at": "2022-06-10T00:00:00Z",
      "end_time": "2022-08-01T00:00:00Z",
      "date_completion": "2022-06-19T00:00:00Z"
    }
  },
  {
    "model": "orders.responseorder",
    "pk": 1,
    "fields": {
      "order": 1,
      "response_user": 3,
      "offer": "123",
      "create_at": "2022-06-22T14:08:02.504Z"
    }
  },
  {
    "model": "orders.responseorder",
    "pk": 2,
    "fields": {
      "order": 2,
      "response_user": 5,
      "offer": "456",
      "create_at": "2022-06-22T14:08:27.671Z"
    }
  },
  {
    "model": "orders.responseorder",
    "pk": 3,
    "fields": {
      "order": 3,
      "response_user": 4,
      "offer": "789",
      "create_at": "2022-06-22T14:08:48.707Z"
    }
  },
  {
    "model": "orders.responseorder",
    "pk": 4,
    "fields": {
      "order": 4,
      "response_user": 4,
      "offer": "awe",
      "create_at": "2022-06-22T14:09:11.209Z"
    }
  },
  {
    "model": "orders.responseorder",
    "pk": 5,
    "fields": {
      "order": 5,
      "response_user": 4,
      "offer": "rty",
      "create_at": "2022-06-22T14:09:31.336Z"
    }
  },
  {
    "model": "orders.statusresponse",
    "pk": 1,
    "fields": {
      "response_order": 1,
      "status": "On Approval",
      "time_status": "2022-06-22T14:08:02.506Z",
      "user_initiator": 3
    }
  },
  {
    "model": "orders.statusresponse",
    "pk": 2,
    "fields": {
      "response_order": 1,
      "status": "Approved",
      "time_status": "2022-06-22T14:08:12.625Z",
      "user_initiator": 6
    }
  },
  {
    "model": "orders.statusresponse",
    "pk": 3,
    "fields": {
      "response_order": 2,
      "status": "On Approval",
      "time_status": "2022-06-22T14:08:27.674Z",
      "user_initiator": 5
    }
  },
  {
    "model": "orders.statusresponse",
    "pk": 4,
    "fields": {
      "response_order": 2,
      "status": "Approved",
      "time_status": "2022-06-22T14:08:37.316Z",
      "user_initiator": 6
    }
  },
  {
    "model": "orders.statusresponse",
    "pk": 5,
    "fields": {
      "response_order": 3,
      "status": "On Approval",
      "time_status": "2022-06-22T14:08:48.709Z",
      "user_initiator": 4
    }
  },
  {
    "model": "orders.statusresponse",
    "pk": 6,
    "fields": {
      "response_order": 3,
      "status": "Approved",
      "time_status": "2022-06-22T14:08:57.510Z",
      "user_initiator": 6
    }
  },
  {
    "model": "orders.statusresponse",
    "pk": 7,
    "fields": {
      "response_order": 4,
      "status": "On Approval",
      "time_status": "2022-06-22T14:09:11.211Z",
      "user_initiator": 4
    }
  },
  {
    "model": "orders.statusresponse",
    "pk": 8,
    "fields": {
      "response_order": 4,
      "status": "Approved",
      "time_status": "2022-06-22T14:09:20.776Z",
      "user_initiator": 6
    }
  },
  {
    "model": "orders.statusresponse",
    "pk": 9,
    "fields": {
      "response_order": 5,
      "status": "On Approval",
      "time_status": "2022-06-22T14:09:31.338Z",
      "user_initiator": 4
    }
  },
  {
    "model": "orders.statusresponse",
    "pk": 10,
    "fields": {
      "response_order": 5,
      "status": "Approved",
      "time_status": "2022-06-22T14:09:48.561Z",
      "user_initiator": 6
    }
  },
  {
    "model": "users.profile",
    "pk": 1,
    "fields": {
      "password": "pbkdf2_sha256$320000$YeSew2ymm7jjgQbL0Y1Ipt$3WZuFdfLgNUHarL3ldiA9rnrOvTJQCeW+T5tC/lI+Ds=",
      "last_login": null,
      "is_superuser": false,
      "username": "user1",
      "first_name": "Иван",
      "last_name": "Иванов",
      "is_staff": false,
      "is_active": true,
      "date_joined": "2022-06-14T11:43:53.028Z",
      "phone_number": "+79777777777",
      "email": "8977@mail.ru",
      "city": "Москва",
      "ogrn": "123456789098765",
      "comp_name": "ООО Заказчик1",
      "role": "Customer",
      "bio": "",
      "groups": [],
      "user_permissions": []
    }
  },
  {
    "model": "users.profile",
    "pk": 2,
    "fields": {
      "password": "pbkdf2_sha256$320000$rbYwrzrWExgOiQJD7O8qY9$EUkJA9Sygvi1y58/OeAgoiO8q+z/hIICrVaMvyTglik=",
      "last_login": null,
      "is_superuser": false,
      "username": "user2",
      "first_name": "Петр",
      "last_name": "Петров",
      "is_staff": false,
      "is_active": true,
      "date_joined": "2022-06-14T11:46:27.815Z",
      "phone_number": "+79888888888",
      "email": "8988@mail.ru",
      "city": "Москва",
      "ogrn": "123456789056789",
      "comp_name": "ООО Закачик2",
      "role": "Customer",
      "bio": "",
      "groups": [],
      "user_permissions": []
    }
  },
  {
    "model": "users.profile",
    "pk": 3,
    "fields": {
      "password": "pbkdf2_sha256$320000$PN7vHMC38yAJnNlNviVqRi$bmBv+ZZaDZMAgUWdlxCvg13Ku2KOACjWLcveNb/FFQ8=",
      "last_login": null,
      "is_superuser": false,
      "username": "user3",
      "first_name": "Степан",
      "last_name": "Степанов",
      "is_staff": false,
      "is_active": true,
      "date_joined": "2022-06-14T11:47:49.728Z",
      "phone_number": "+79000000000",
      "email": "8999@mail.ru",
      "city": "Москва",
      "ogrn": "123456789065879",
      "comp_name": "ООО Поставщик1",
      "role": "Supplier",
      "bio": "",
      "groups": [],
      "user_permissions": []
    }
  },
  {
    "model": "users.profile",
    "pk": 4,
    "fields": {
      "password": "pbkdf2_sha256$320000$rIWD6AH0VcWds1qEaOvI2o$aEz1R0WHv7TOj296hJsS4uIv+dGVpxWKGiD869y1BIQ=",
      "last_login": null,
      "is_superuser": false,
      "username": "user4",
      "first_name": "Евгений",
      "last_name": "Евгеньев",
      "is_staff": false,
      "is_active": true,
      "date_joined": "2022-06-14T11:49:41.398Z",
      "phone_number": "+79999999999",
      "email": "8900@mail.ru",
      "city": "Москва",
      "ogrn": "123456789012345",
      "comp_name": "ООО Поставщик2",
      "role": "Supplier",
      "bio": "",
      "groups": [],
      "user_permissions": []
    }
  },
  {
    "model": "users.profile",
    "pk": 5,
    "fields": {
      "password": "pbkdf2_sha256$320000$riTDlhfa0gerDcXk80MmkJ$I+ijCY8mnnHyCeebgBdyPRbQ5a4iMdzMhfZdnI5XcF4=",
      "last_login": null,
      "is_superuser": false,
      "username": "user5",
      "first_name": "Саркис",
      "last_name": "Саркисов",
      "is_staff": false,
      "is_active": true,
      "date_joined": "2022-06-14T12:07:36.439Z",
      "phone_number": "+79111111111",
      "email": "8911@mail.ru",
      "city": "Москва",
      "ogrn": "123456789054321",
      "comp_name": "ООО Поставщик3",
      "role": "Supplier",
      "bio": "",
      "groups": [],
      "user_permissions": []
    }
  },
  {
    "model": "users.profile",
    "pk": 6,
    "fields": {
      "password": "pbkdf2_sha256$320000$MLpzslXXHK7hdR8kXj1K8K$rpegvbQ1OyMOOhYoP0tVPW8eQOy5BYu5XwfSDIyohes=",
      "last_login": "2022-06-22T14:07:52.551Z",
      "is_superuser": true,
      "username": "ADMIN",
      "first_name": "",
      "last_name": "",
      "is_staff": true,
      "is_active": true,
      "date_joined": "2022-06-14T13:22:30.908Z",
      "phone_number": "",
      "email": "ADMIN@admin.ru",
      "city": "",
      "ogrn": "",
      "comp_name": "",
      "role": "",
      "bio": "",
      "groups": [],
      "user_permissions": []
    }
  }
]